create database CSE_3A_126

CREATE TABLE DEPOSIT(
ACTNO INT,
CNAME VARCHAR(50),
BNAME VARCHAR(50),
AMOUNT DECIMAL(8,2),
ADATE DATETIME
);


INSERT INTO DEPOSIT(ACTNO,CNAME,BNAME,AMOUNT,ADATE) VALUES
(101,'ANIL','VRCE',1000.00,1995-03-01),
(102,'SUNIL','AJNI',5000.00,1996-01-04),
(103,'MEHUL','KAROLBAGH',3500.00,1995-11-17),
(104,'MADHURI','CHANDI',1200.00,1995-12-17),
(105,'PRAMOD','M.G.ROAD',3000.00,1996-03-27),
(106,'SANDIP','ANDHERI',2000.00,1996-03-31),
(107,'SHIVANI','VIRPAR',1000.00,1995-09-05),
(108,'KRANTI','NEHRU PLACE',5000.00,1995-07-02),
(109,'MINU','POWAI',7000.00,1995-08-10)


SELECT * FROM DEPOSIT

DELETE FROM DEPOSIT WHERE BNAME='POWAI'

CREATE TABLE BRANCH(
BNAME VARCHAR(50),
CITY VARCHAR(50)
);

INSERT INTO BRANCH(BNAME,CITY) VALUES
('VRCE','NAGPUR'),
('AJNI','NAGPUR'),
('KAROLBAGH','DELHI'),
('CHANDI','DELHI'),
('DHARAMPETH','NAGPUR'),
('M.G.ROAD','BANGLORE'),
('ANDHERI','BOMBAY'),
('VIRPAR','BOMBAY'),
('NEHRU PLACE','DELHI'),
('POWAI','BOMBAY')

SELECT * FROM BRANCH

CREATE TABLE CUSTOMERS(
CNAME VARCHAR(50),
CITY VARCHAR(50)
);

INSERT INTO CUSTOMERS(CNAME,CITY) VALUES
('ANIL','CALCUTTA'),
('SUNIL','DELHI'),
('MEHUL','BARODA'),
('MANDAR','PATNA'),
('MADHURI','NAGPUR'),
('PRAMOD','NAGPUR'),
('SANDIP','SURAT'),
('SHIVANI','BOMBAY'),
('KRANTI','BOMBAY'),
('NAREN','BOMBAY')

SELECT * FROM CUSTOMERS

CREATE TABLE BORROW(
LOANNO INT,
CNAME VARCHAR(50),
BNAME VARCHAR(50),
AMOUNT DECIMAL(8,2)
);

INSERT INTO BORROW(LOANNO,CNAME,BNAME,AMOUNT) VALUES
(201,'ANIL','VRCE',1000.00),
(206,'MEHUL','AJNI',5000.00),
(311,'SUNIL','DHARAMPETH',3000.00),
(321,'MADHURI','ANDHERI',2000.00),
(375,'PRAMOD','VIRPAR',8000.00),
(481,'KRANTI','NEHRU PLACE',3000.00)

SELECT * FROM BORROW